path,walletCount,churnPercent,changedWallets,staffRateUsdPerHour,ethPriceUsd,l2GasPriceGwei,measuredIssuerGas,measuredUserGas,transactionCount,observedAutomationHoursProxy,staffCostUsd,l1SecurityFeeProxyUsd,issuerPaidUsd,userPaidUsd,totalSystemCostUsd
ilal-v1-cnf-eas,100000,1,1000,50,2000,0.01,118123000,242101000,2000,0.25,12.5,0,14.86246,4.842020000000001,19.70448
ilal-v2-zk-policy-grant,100000,1,1000,50,2000,0.01,138493,61520000,1001,0.25,12.5,0,12.50276986,1.2304,13.73316986
benchmark-only-onchain-allowlist,100000,1,1000,50,2000,0.01,23054000,0,1000,0.25,12.5,0,12.96108,0,12.96108
ilal-v1-cnf-eas,100000,1,1000,50,2000,0.1,118123000,242101000,2000,0.25,12.5,0,36.1246,48.4202,84.54480000000001
ilal-v2-zk-policy-grant,100000,1,1000,50,2000,0.1,138493,61520000,1001,0.25,12.5,0,12.5276986,12.304,24.831698600000003
benchmark-only-onchain-allowlist,100000,1,1000,50,2000,0.1,23054000,0,1000,0.25,12.5,0,17.1108,0,17.1108
ilal-v1-cnf-eas,100000,1,1000,50,2000,1,118123000,242101000,2000,0.25,12.5,0,248.746,484.202,732.948
ilal-v2-zk-policy-grant,100000,1,1000,50,2000,1,138493,61520000,1001,0.25,12.5,0,12.776986,123.04,135.816986
benchmark-only-onchain-allowlist,100000,1,1000,50,2000,1,23054000,0,1000,0.25,12.5,0,58.608000000000004,0,58.608000000000004
ilal-v1-cnf-eas,100000,1,1000,50,3000,0.01,118123000,242101000,2000,0.25,12.5,0,16.04369,7.263030000000001,23.306720000000002
ilal-v2-zk-policy-grant,100000,1,1000,50,3000,0.01,138493,61520000,1001,0.25,12.5,0,12.50415479,1.8456,14.349754789999999
benchmark-only-onchain-allowlist,100000,1,1000,50,3000,0.01,23054000,0,1000,0.25,12.5,0,13.19162,0,13.19162
ilal-v1-cnf-eas,100000,1,1000,50,3000,0.1,118123000,242101000,2000,0.25,12.5,0,47.9369,72.6303,120.56720000000001
ilal-v2-zk-policy-grant,100000,1,1000,50,3000,0.1,138493,61520000,1001,0.25,12.5,0,12.5415479,18.456,30.9975479
benchmark-only-onchain-allowlist,100000,1,1000,50,3000,0.1,23054000,0,1000,0.25,12.5,0,19.4162,0,19.4162
ilal-v1-cnf-eas,100000,1,1000,50,3000,1,118123000,242101000,2000,0.25,12.5,0,366.869,726.303,1093.172
ilal-v2-zk-policy-grant,100000,1,1000,50,3000,1,138493,61520000,1001,0.25,12.5,0,12.915479,184.56,197.475479
benchmark-only-onchain-allowlist,100000,1,1000,50,3000,1,23054000,0,1000,0.25,12.5,0,81.662,0,81.662
ilal-v1-cnf-eas,100000,1,1000,50,4000,0.01,118123000,242101000,2000,0.25,12.5,0,17.22492,9.684040000000001,26.90896
ilal-v2-zk-policy-grant,100000,1,1000,50,4000,0.01,138493,61520000,1001,0.25,12.5,0,12.50553972,2.4608,14.96633972
benchmark-only-onchain-allowlist,100000,1,1000,50,4000,0.01,23054000,0,1000,0.25,12.5,0,13.42216,0,13.42216
ilal-v1-cnf-eas,100000,1,1000,50,4000,0.1,118123000,242101000,2000,0.25,12.5,0,59.7492,96.8404,156.58960000000002
ilal-v2-zk-policy-grant,100000,1,1000,50,4000,0.1,138493,61520000,1001,0.25,12.5,0,12.5553972,24.608,37.1633972
benchmark-only-onchain-allowlist,100000,1,1000,50,4000,0.1,23054000,0,1000,0.25,12.5,0,21.721600000000002,0,21.721600000000002
ilal-v1-cnf-eas,100000,1,1000,50,4000,1,118123000,242101000,2000,0.25,12.5,0,484.992,968.404,1453.396
ilal-v2-zk-policy-grant,100000,1,1000,50,4000,1,138493,61520000,1001,0.25,12.5,0,13.053972,246.08,259.133972
benchmark-only-onchain-allowlist,100000,1,1000,50,4000,1,23054000,0,1000,0.25,12.5,0,104.71600000000001,0,104.71600000000001
ilal-v1-cnf-eas,100000,1,1000,100,2000,0.01,118123000,242101000,2000,0.25,25,0,27.36246,4.842020000000001,32.20448
ilal-v2-zk-policy-grant,100000,1,1000,100,2000,0.01,138493,61520000,1001,0.25,25,0,25.00276986,1.2304,26.23316986
benchmark-only-onchain-allowlist,100000,1,1000,100,2000,0.01,23054000,0,1000,0.25,25,0,25.46108,0,25.46108
ilal-v1-cnf-eas,100000,1,1000,100,2000,0.1,118123000,242101000,2000,0.25,25,0,48.6246,48.4202,97.04480000000001
ilal-v2-zk-policy-grant,100000,1,1000,100,2000,0.1,138493,61520000,1001,0.25,25,0,25.0276986,12.304,37.3316986
benchmark-only-onchain-allowlist,100000,1,1000,100,2000,0.1,23054000,0,1000,0.25,25,0,29.6108,0,29.6108
ilal-v1-cnf-eas,100000,1,1000,100,2000,1,118123000,242101000,2000,0.25,25,0,261.246,484.202,745.448
ilal-v2-zk-policy-grant,100000,1,1000,100,2000,1,138493,61520000,1001,0.25,25,0,25.276986,123.04,148.316986
benchmark-only-onchain-allowlist,100000,1,1000,100,2000,1,23054000,0,1000,0.25,25,0,71.108,0,71.108
ilal-v1-cnf-eas,100000,1,1000,100,3000,0.01,118123000,242101000,2000,0.25,25,0,28.54369,7.263030000000001,35.806720000000006
ilal-v2-zk-policy-grant,100000,1,1000,100,3000,0.01,138493,61520000,1001,0.25,25,0,25.00415479,1.8456,26.849754790000002
benchmark-only-onchain-allowlist,100000,1,1000,100,3000,0.01,23054000,0,1000,0.25,25,0,25.69162,0,25.69162
ilal-v1-cnf-eas,100000,1,1000,100,3000,0.1,118123000,242101000,2000,0.25,25,0,60.4369,72.6303,133.0672
ilal-v2-zk-policy-grant,100000,1,1000,100,3000,0.1,138493,61520000,1001,0.25,25,0,25.0415479,18.456,43.4975479
benchmark-only-onchain-allowlist,100000,1,1000,100,3000,0.1,23054000,0,1000,0.25,25,0,31.9162,0,31.9162
ilal-v1-cnf-eas,100000,1,1000,100,3000,1,118123000,242101000,2000,0.25,25,0,379.369,726.303,1105.672
ilal-v2-zk-policy-grant,100000,1,1000,100,3000,1,138493,61520000,1001,0.25,25,0,25.415479,184.56,209.975479
benchmark-only-onchain-allowlist,100000,1,1000,100,3000,1,23054000,0,1000,0.25,25,0,94.162,0,94.162
ilal-v1-cnf-eas,100000,1,1000,100,4000,0.01,118123000,242101000,2000,0.25,25,0,29.72492,9.684040000000001,39.40896
ilal-v2-zk-policy-grant,100000,1,1000,100,4000,0.01,138493,61520000,1001,0.25,25,0,25.00553972,2.4608,27.46633972
benchmark-only-onchain-allowlist,100000,1,1000,100,4000,0.01,23054000,0,1000,0.25,25,0,25.92216,0,25.92216
ilal-v1-cnf-eas,100000,1,1000,100,4000,0.1,118123000,242101000,2000,0.25,25,0,72.2492,96.8404,169.08960000000002
ilal-v2-zk-policy-grant,100000,1,1000,100,4000,0.1,138493,61520000,1001,0.25,25,0,25.0553972,24.608,49.663397200000006
benchmark-only-onchain-allowlist,100000,1,1000,100,4000,0.1,23054000,0,1000,0.25,25,0,34.2216,0,34.2216
ilal-v1-cnf-eas,100000,1,1000,100,4000,1,118123000,242101000,2000,0.25,25,0,497.492,968.404,1465.896
ilal-v2-zk-policy-grant,100000,1,1000,100,4000,1,138493,61520000,1001,0.25,25,0,25.553972,246.08,271.633972
benchmark-only-onchain-allowlist,100000,1,1000,100,4000,1,23054000,0,1000,0.25,25,0,117.21600000000001,0,117.21600000000001
ilal-v1-cnf-eas,100000,1,1000,200,2000,0.01,118123000,242101000,2000,0.25,50,0,52.36246,4.842020000000001,57.20448
ilal-v2-zk-policy-grant,100000,1,1000,200,2000,0.01,138493,61520000,1001,0.25,50,0,50.00276986,1.2304,51.233169860000004
benchmark-only-onchain-allowlist,100000,1,1000,200,2000,0.01,23054000,0,1000,0.25,50,0,50.46108,0,50.46108
ilal-v1-cnf-eas,100000,1,1000,200,2000,0.1,118123000,242101000,2000,0.25,50,0,73.6246,48.4202,122.04480000000001
ilal-v2-zk-policy-grant,100000,1,1000,200,2000,0.1,138493,61520000,1001,0.25,50,0,50.0276986,12.304,62.3316986
benchmark-only-onchain-allowlist,100000,1,1000,200,2000,0.1,23054000,0,1000,0.25,50,0,54.6108,0,54.6108
ilal-v1-cnf-eas,100000,1,1000,200,2000,1,118123000,242101000,2000,0.25,50,0,286.246,484.202,770.448
ilal-v2-zk-policy-grant,100000,1,1000,200,2000,1,138493,61520000,1001,0.25,50,0,50.276986,123.04,173.316986
benchmark-only-onchain-allowlist,100000,1,1000,200,2000,1,23054000,0,1000,0.25,50,0,96.108,0,96.108
ilal-v1-cnf-eas,100000,1,1000,200,3000,0.01,118123000,242101000,2000,0.25,50,0,53.54369,7.263030000000001,60.80672
ilal-v2-zk-policy-grant,100000,1,1000,200,3000,0.01,138493,61520000,1001,0.25,50,0,50.00415479,1.8456,51.84975479
benchmark-only-onchain-allowlist,100000,1,1000,200,3000,0.01,23054000,0,1000,0.25,50,0,50.69162,0,50.69162
ilal-v1-cnf-eas,100000,1,1000,200,3000,0.1,118123000,242101000,2000,0.25,50,0,85.43690000000001,72.6303,158.0672
ilal-v2-zk-policy-grant,100000,1,1000,200,3000,0.1,138493,61520000,1001,0.25,50,0,50.0415479,18.456,68.4975479
benchmark-only-onchain-allowlist,100000,1,1000,200,3000,0.1,23054000,0,1000,0.25,50,0,56.9162,0,56.9162
ilal-v1-cnf-eas,100000,1,1000,200,3000,1,118123000,242101000,2000,0.25,50,0,404.369,726.303,1130.672
ilal-v2-zk-policy-grant,100000,1,1000,200,3000,1,138493,61520000,1001,0.25,50,0,50.415479,184.56,234.975479
benchmark-only-onchain-allowlist,100000,1,1000,200,3000,1,23054000,0,1000,0.25,50,0,119.162,0,119.162
ilal-v1-cnf-eas,100000,1,1000,200,4000,0.01,118123000,242101000,2000,0.25,50,0,54.72492,9.684040000000001,64.40896
ilal-v2-zk-policy-grant,100000,1,1000,200,4000,0.01,138493,61520000,1001,0.25,50,0,50.00553972,2.4608,52.46633972
benchmark-only-onchain-allowlist,100000,1,1000,200,4000,0.01,23054000,0,1000,0.25,50,0,50.92216,0,50.92216
ilal-v1-cnf-eas,100000,1,1000,200,4000,0.1,118123000,242101000,2000,0.25,50,0,97.2492,96.8404,194.08960000000002
ilal-v2-zk-policy-grant,100000,1,1000,200,4000,0.1,138493,61520000,1001,0.25,50,0,50.0553972,24.608,74.6633972
benchmark-only-onchain-allowlist,100000,1,1000,200,4000,0.1,23054000,0,1000,0.25,50,0,59.2216,0,59.2216
ilal-v1-cnf-eas,100000,1,1000,200,4000,1,118123000,242101000,2000,0.25,50,0,522.492,968.404,1490.896
ilal-v2-zk-policy-grant,100000,1,1000,200,4000,1,138493,61520000,1001,0.25,50,0,50.553972,246.08,296.633972
benchmark-only-onchain-allowlist,100000,1,1000,200,4000,1,23054000,0,1000,0.25,50,0,142.216,0,142.216
ilal-v1-cnf-eas,100000,5,5000,50,2000,0.01,590615000,1210505000,10000,0.25,12.5,0,24.3123,24.2101,48.522400000000005
ilal-v2-zk-policy-grant,100000,5,5000,50,2000,0.01,138493,307600000,5001,0.25,12.5,0,12.50276986,6.152,18.654769860000002
benchmark-only-onchain-allowlist,100000,5,5000,50,2000,0.01,115270000,0,5000,0.25,12.5,0,14.8054,0,14.8054
ilal-v1-cnf-eas,100000,5,5000,50,2000,0.1,590615000,1210505000,10000,0.25,12.5,0,130.623,242.101,372.724
ilal-v2-zk-policy-grant,100000,5,5000,50,2000,0.1,138493,307600000,5001,0.25,12.5,0,12.5276986,61.52,74.0476986
benchmark-only-onchain-allowlist,100000,5,5000,50,2000,0.1,115270000,0,5000,0.25,12.5,0,35.554,0,35.554
ilal-v1-cnf-eas,100000,5,5000,50,2000,1,590615000,1210505000,10000,0.25,12.5,0,1193.73,2421.01,3614.7400000000002
ilal-v2-zk-policy-grant,100000,5,5000,50,2000,1,138493,307600000,5001,0.25,12.5,0,12.776986,615.2,627.976986
benchmark-only-onchain-allowlist,100000,5,5000,50,2000,1,115270000,0,5000,0.25,12.5,0,243.04000000000002,0,243.04000000000002
ilal-v1-cnf-eas,100000,5,5000,50,3000,0.01,590615000,1210505000,10000,0.25,12.5,0,30.21845,36.31515,66.5336
ilal-v2-zk-policy-grant,100000,5,5000,50,3000,0.01,138493,307600000,5001,0.25,12.5,0,12.50415479,9.228,21.73215479
benchmark-only-onchain-allowlist,100000,5,5000,50,3000,0.01,115270000,0,5000,0.25,12.5,0,15.9581,0,15.9581
ilal-v1-cnf-eas,100000,5,5000,50,3000,0.1,590615000,1210505000,10000,0.25,12.5,0,189.6845,363.1515,552.836
ilal-v2-zk-policy-grant,100000,5,5000,50,3000,0.1,138493,307600000,5001,0.25,12.5,0,12.5415479,92.28,104.8215479
benchmark-only-onchain-allowlist,100000,5,5000,50,3000,0.1,115270000,0,5000,0.25,12.5,0,47.081,0,47.081
ilal-v1-cnf-eas,100000,5,5000,50,3000,1,590615000,1210505000,10000,0.25,12.5,0,1784.345,3631.5150000000003,5415.860000000001
ilal-v2-zk-policy-grant,100000,5,5000,50,3000,1,138493,307600000,5001,0.25,12.5,0,12.915479,922.8000000000001,935.7154790000001
benchmark-only-onchain-allowlist,100000,5,5000,50,3000,1,115270000,0,5000,0.25,12.5,0,358.31000000000006,0,358.31000000000006
ilal-v1-cnf-eas,100000,5,5000,50,4000,0.01,590615000,1210505000,10000,0.25,12.5,0,36.1246,48.4202,84.54480000000001
ilal-v2-zk-policy-grant,100000,5,5000,50,4000,0.01,138493,307600000,5001,0.25,12.5,0,12.50553972,12.304,24.80953972
benchmark-only-onchain-allowlist,100000,5,5000,50,4000,0.01,115270000,0,5000,0.25,12.5,0,17.1108,0,17.1108
ilal-v1-cnf-eas,100000,5,5000,50,4000,0.1,590615000,1210505000,10000,0.25,12.5,0,248.746,484.202,732.948
ilal-v2-zk-policy-grant,100000,5,5000,50,4000,0.1,138493,307600000,5001,0.25,12.5,0,12.5553972,123.04,135.5953972
benchmark-only-onchain-allowlist,100000,5,5000,50,4000,0.1,115270000,0,5000,0.25,12.5,0,58.608000000000004,0,58.608000000000004
ilal-v1-cnf-eas,100000,5,5000,50,4000,1,590615000,1210505000,10000,0.25,12.5,0,2374.96,4842.02,7216.9800000000005
ilal-v2-zk-policy-grant,100000,5,5000,50,4000,1,138493,307600000,5001,0.25,12.5,0,13.053972,1230.4,1243.453972
benchmark-only-onchain-allowlist,100000,5,5000,50,4000,1,115270000,0,5000,0.25,12.5,0,473.58000000000004,0,473.58000000000004
ilal-v1-cnf-eas,100000,5,5000,100,2000,0.01,590615000,1210505000,10000,0.25,25,0,36.8123,24.2101,61.022400000000005
ilal-v2-zk-policy-grant,100000,5,5000,100,2000,0.01,138493,307600000,5001,0.25,25,0,25.00276986,6.152,31.154769860000002
benchmark-only-onchain-allowlist,100000,5,5000,100,2000,0.01,115270000,0,5000,0.25,25,0,27.3054,0,27.3054
ilal-v1-cnf-eas,100000,5,5000,100,2000,0.1,590615000,1210505000,10000,0.25,25,0,143.123,242.101,385.224
ilal-v2-zk-policy-grant,100000,5,5000,100,2000,0.1,138493,307600000,5001,0.25,25,0,25.0276986,61.52,86.5476986
benchmark-only-onchain-allowlist,100000,5,5000,100,2000,0.1,115270000,0,5000,0.25,25,0,48.054,0,48.054
ilal-v1-cnf-eas,100000,5,5000,100,2000,1,590615000,1210505000,10000,0.25,25,0,1206.23,2421.01,3627.2400000000002
ilal-v2-zk-policy-grant,100000,5,5000,100,2000,1,138493,307600000,5001,0.25,25,0,25.276986,615.2,640.476986
benchmark-only-onchain-allowlist,100000,5,5000,100,2000,1,115270000,0,5000,0.25,25,0,255.54000000000002,0,255.54000000000002
ilal-v1-cnf-eas,100000,5,5000,100,3000,0.01,590615000,1210505000,10000,0.25,25,0,42.718450000000004,36.31515,79.0336
ilal-v2-zk-policy-grant,100000,5,5000,100,3000,0.01,138493,307600000,5001,0.25,25,0,25.00415479,9.228,34.23215479
benchmark-only-onchain-allowlist,100000,5,5000,100,3000,0.01,115270000,0,5000,0.25,25,0,28.4581,0,28.4581
ilal-v1-cnf-eas,100000,5,5000,100,3000,0.1,590615000,1210505000,10000,0.25,25,0,202.1845,363.1515,565.336
ilal-v2-zk-policy-grant,100000,5,5000,100,3000,0.1,138493,307600000,5001,0.25,25,0,25.0415479,92.28,117.3215479
benchmark-only-onchain-allowlist,100000,5,5000,100,3000,0.1,115270000,0,5000,0.25,25,0,59.581,0,59.581
ilal-v1-cnf-eas,100000,5,5000,100,3000,1,590615000,1210505000,10000,0.25,25,0,1796.845,3631.5150000000003,5428.360000000001
ilal-v2-zk-policy-grant,100000,5,5000,100,3000,1,138493,307600000,5001,0.25,25,0,25.415479,922.8000000000001,948.2154790000001
benchmark-only-onchain-allowlist,100000,5,5000,100,3000,1,115270000,0,5000,0.25,25,0,370.81000000000006,0,370.81000000000006
ilal-v1-cnf-eas,100000,5,5000,100,4000,0.01,590615000,1210505000,10000,0.25,25,0,48.6246,48.4202,97.04480000000001
ilal-v2-zk-policy-grant,100000,5,5000,100,4000,0.01,138493,307600000,5001,0.25,25,0,25.00553972,12.304,37.309539720000004
benchmark-only-onchain-allowlist,100000,5,5000,100,4000,0.01,115270000,0,5000,0.25,25,0,29.6108,0,29.6108
ilal-v1-cnf-eas,100000,5,5000,100,4000,0.1,590615000,1210505000,10000,0.25,25,0,261.246,484.202,745.448
ilal-v2-zk-policy-grant,100000,5,5000,100,4000,0.1,138493,307600000,5001,0.25,25,0,25.0553972,123.04,148.0953972
benchmark-only-onchain-allowlist,100000,5,5000,100,4000,0.1,115270000,0,5000,0.25,25,0,71.108,0,71.108
ilal-v1-cnf-eas,100000,5,5000,100,4000,1,590615000,1210505000,10000,0.25,25,0,2387.46,4842.02,7229.4800000000005
ilal-v2-zk-policy-grant,100000,5,5000,100,4000,1,138493,307600000,5001,0.25,25,0,25.553972,1230.4,1255.953972
benchmark-only-onchain-allowlist,100000,5,5000,100,4000,1,115270000,0,5000,0.25,25,0,486.08000000000004,0,486.08000000000004
ilal-v1-cnf-eas,100000,5,5000,200,2000,0.01,590615000,1210505000,10000,0.25,50,0,61.8123,24.2101,86.0224
ilal-v2-zk-policy-grant,100000,5,5000,200,2000,0.01,138493,307600000,5001,0.25,50,0,50.00276986,6.152,56.15476986
benchmark-only-onchain-allowlist,100000,5,5000,200,2000,0.01,115270000,0,5000,0.25,50,0,52.3054,0,52.3054
ilal-v1-cnf-eas,100000,5,5000,200,2000,0.1,590615000,1210505000,10000,0.25,50,0,168.123,242.101,410.224
ilal-v2-zk-policy-grant,100000,5,5000,200,2000,0.1,138493,307600000,5001,0.25,50,0,50.0276986,61.52,111.5476986
benchmark-only-onchain-allowlist,100000,5,5000,200,2000,0.1,115270000,0,5000,0.25,50,0,73.054,0,73.054
ilal-v1-cnf-eas,100000,5,5000,200,2000,1,590615000,1210505000,10000,0.25,50,0,1231.23,2421.01,3652.2400000000002
ilal-v2-zk-policy-grant,100000,5,5000,200,2000,1,138493,307600000,5001,0.25,50,0,50.276986,615.2,665.476986
benchmark-only-onchain-allowlist,100000,5,5000,200,2000,1,115270000,0,5000,0.25,50,0,280.54,0,280.54
ilal-v1-cnf-eas,100000,5,5000,200,3000,0.01,590615000,1210505000,10000,0.25,50,0,67.71845,36.31515,104.0336
ilal-v2-zk-policy-grant,100000,5,5000,200,3000,0.01,138493,307600000,5001,0.25,50,0,50.00415479,9.228,59.23215479
benchmark-only-onchain-allowlist,100000,5,5000,200,3000,0.01,115270000,0,5000,0.25,50,0,53.4581,0,53.4581
ilal-v1-cnf-eas,100000,5,5000,200,3000,0.1,590615000,1210505000,10000,0.25,50,0,227.1845,363.1515,590.336
ilal-v2-zk-policy-grant,100000,5,5000,200,3000,0.1,138493,307600000,5001,0.25,50,0,50.0415479,92.28,142.32154789999998
benchmark-only-onchain-allowlist,100000,5,5000,200,3000,0.1,115270000,0,5000,0.25,50,0,84.581,0,84.581
ilal-v1-cnf-eas,100000,5,5000,200,3000,1,590615000,1210505000,10000,0.25,50,0,1821.845,3631.5150000000003,5453.360000000001
ilal-v2-zk-policy-grant,100000,5,5000,200,3000,1,138493,307600000,5001,0.25,50,0,50.415479,922.8000000000001,973.2154790000001
benchmark-only-onchain-allowlist,100000,5,5000,200,3000,1,115270000,0,5000,0.25,50,0,395.81000000000006,0,395.81000000000006
ilal-v1-cnf-eas,100000,5,5000,200,4000,0.01,590615000,1210505000,10000,0.25,50,0,73.6246,48.4202,122.04480000000001
ilal-v2-zk-policy-grant,100000,5,5000,200,4000,0.01,138493,307600000,5001,0.25,50,0,50.00553972,12.304,62.309539720000004
benchmark-only-onchain-allowlist,100000,5,5000,200,4000,0.01,115270000,0,5000,0.25,50,0,54.6108,0,54.6108
ilal-v1-cnf-eas,100000,5,5000,200,4000,0.1,590615000,1210505000,10000,0.25,50,0,286.246,484.202,770.448
ilal-v2-zk-policy-grant,100000,5,5000,200,4000,0.1,138493,307600000,5001,0.25,50,0,50.0553972,123.04,173.0953972
benchmark-only-onchain-allowlist,100000,5,5000,200,4000,0.1,115270000,0,5000,0.25,50,0,96.108,0,96.108
ilal-v1-cnf-eas,100000,5,5000,200,4000,1,590615000,1210505000,10000,0.25,50,0,2412.46,4842.02,7254.4800000000005
ilal-v2-zk-policy-grant,100000,5,5000,200,4000,1,138493,307600000,5001,0.25,50,0,50.553972,1230.4,1280.953972
benchmark-only-onchain-allowlist,100000,5,5000,200,4000,1,115270000,0,5000,0.25,50,0,511.08000000000004,0,511.08000000000004
ilal-v1-cnf-eas,100000,10,10000,50,2000,0.01,1181230000,2421010000,20000,0.25,12.5,0,36.1246,48.4202,84.54480000000001
ilal-v2-zk-policy-grant,100000,10,10000,50,2000,0.01,138493,615200000,10001,0.25,12.5,0,12.50276986,12.304,24.806769860000003
benchmark-only-onchain-allowlist,100000,10,10000,50,2000,0.01,230540000,0,10000,0.25,12.5,0,17.1108,0,17.1108
ilal-v1-cnf-eas,100000,10,10000,50,2000,0.1,1181230000,2421010000,20000,0.25,12.5,0,248.746,484.202,732.948
ilal-v2-zk-policy-grant,100000,10,10000,50,2000,0.1,138493,615200000,10001,0.25,12.5,0,12.5276986,123.04,135.5676986
benchmark-only-onchain-allowlist,100000,10,10000,50,2000,0.1,230540000,0,10000,0.25,12.5,0,58.608000000000004,0,58.608000000000004
ilal-v1-cnf-eas,100000,10,10000,50,2000,1,1181230000,2421010000,20000,0.25,12.5,0,2374.96,4842.02,7216.9800000000005
ilal-v2-zk-policy-grant,100000,10,10000,50,2000,1,138493,615200000,10001,0.25,12.5,0,12.776986,1230.4,1243.1769860000002
benchmark-only-onchain-allowlist,100000,10,10000,50,2000,1,230540000,0,10000,0.25,12.5,0,473.58000000000004,0,473.58000000000004
ilal-v1-cnf-eas,100000,10,10000,50,3000,0.01,1181230000,2421010000,20000,0.25,12.5,0,47.9369,72.6303,120.56720000000001
ilal-v2-zk-policy-grant,100000,10,10000,50,3000,0.01,138493,615200000,10001,0.25,12.5,0,12.50415479,18.456,30.960154789999997
benchmark-only-onchain-allowlist,100000,10,10000,50,3000,0.01,230540000,0,10000,0.25,12.5,0,19.4162,0,19.4162
ilal-v1-cnf-eas,100000,10,10000,50,3000,0.1,1181230000,2421010000,20000,0.25,12.5,0,366.869,726.303,1093.172
ilal-v2-zk-policy-grant,100000,10,10000,50,3000,0.1,138493,615200000,10001,0.25,12.5,0,12.5415479,184.56,197.1015479
benchmark-only-onchain-allowlist,100000,10,10000,50,3000,0.1,230540000,0,10000,0.25,12.5,0,81.662,0,81.662
ilal-v1-cnf-eas,100000,10,10000,50,3000,1,1181230000,2421010000,20000,0.25,12.5,0,3556.19,7263.030000000001,10819.220000000001
ilal-v2-zk-policy-grant,100000,10,10000,50,3000,1,138493,615200000,10001,0.25,12.5,0,12.915479,1845.6000000000001,1858.5154790000001
benchmark-only-onchain-allowlist,100000,10,10000,50,3000,1,230540000,0,10000,0.25,12.5,0,704.1200000000001,0,704.1200000000001
ilal-v1-cnf-eas,100000,10,10000,50,4000,0.01,1181230000,2421010000,20000,0.25,12.5,0,59.7492,96.8404,156.58960000000002
ilal-v2-zk-policy-grant,100000,10,10000,50,4000,0.01,138493,615200000,10001,0.25,12.5,0,12.50553972,24.608,37.11353972
benchmark-only-onchain-allowlist,100000,10,10000,50,4000,0.01,230540000,0,10000,0.25,12.5,0,21.721600000000002,0,21.721600000000002
ilal-v1-cnf-eas,100000,10,10000,50,4000,0.1,1181230000,2421010000,20000,0.25,12.5,0,484.992,968.404,1453.396
ilal-v2-zk-policy-grant,100000,10,10000,50,4000,0.1,138493,615200000,10001,0.25,12.5,0,12.5553972,246.08,258.6353972
benchmark-only-onchain-allowlist,100000,10,10000,50,4000,0.1,230540000,0,10000,0.25,12.5,0,104.71600000000001,0,104.71600000000001
ilal-v1-cnf-eas,100000,10,10000,50,4000,1,1181230000,2421010000,20000,0.25,12.5,0,4737.42,9684.04,14421.460000000001
ilal-v2-zk-policy-grant,100000,10,10000,50,4000,1,138493,615200000,10001,0.25,12.5,0,13.053972,2460.8,2473.8539720000003
benchmark-only-onchain-allowlist,100000,10,10000,50,4000,1,230540000,0,10000,0.25,12.5,0,934.6600000000001,0,934.6600000000001
ilal-v1-cnf-eas,100000,10,10000,100,2000,0.01,1181230000,2421010000,20000,0.25,25,0,48.6246,48.4202,97.04480000000001
ilal-v2-zk-policy-grant,100000,10,10000,100,2000,0.01,138493,615200000,10001,0.25,25,0,25.00276986,12.304,37.30676986
benchmark-only-onchain-allowlist,100000,10,10000,100,2000,0.01,230540000,0,10000,0.25,25,0,29.6108,0,29.6108
ilal-v1-cnf-eas,100000,10,10000,100,2000,0.1,1181230000,2421010000,20000,0.25,25,0,261.246,484.202,745.448
ilal-v2-zk-policy-grant,100000,10,10000,100,2000,0.1,138493,615200000,10001,0.25,25,0,25.0276986,123.04,148.0676986
benchmark-only-onchain-allowlist,100000,10,10000,100,2000,0.1,230540000,0,10000,0.25,25,0,71.108,0,71.108
ilal-v1-cnf-eas,100000,10,10000,100,2000,1,1181230000,2421010000,20000,0.25,25,0,2387.46,4842.02,7229.4800000000005
ilal-v2-zk-policy-grant,100000,10,10000,100,2000,1,138493,615200000,10001,0.25,25,0,25.276986,1230.4,1255.6769860000002
benchmark-only-onchain-allowlist,100000,10,10000,100,2000,1,230540000,0,10000,0.25,25,0,486.08000000000004,0,486.08000000000004
ilal-v1-cnf-eas,100000,10,10000,100,3000,0.01,1181230000,2421010000,20000,0.25,25,0,60.4369,72.6303,133.0672
ilal-v2-zk-policy-grant,100000,10,10000,100,3000,0.01,138493,615200000,10001,0.25,25,0,25.00415479,18.456,43.460154790000004
benchmark-only-onchain-allowlist,100000,10,10000,100,3000,0.01,230540000,0,10000,0.25,25,0,31.9162,0,31.9162
ilal-v1-cnf-eas,100000,10,10000,100,3000,0.1,1181230000,2421010000,20000,0.25,25,0,379.369,726.303,1105.672
ilal-v2-zk-policy-grant,100000,10,10000,100,3000,0.1,138493,615200000,10001,0.25,25,0,25.0415479,184.56,209.6015479
benchmark-only-onchain-allowlist,100000,10,10000,100,3000,0.1,230540000,0,10000,0.25,25,0,94.162,0,94.162
ilal-v1-cnf-eas,100000,10,10000,100,3000,1,1181230000,2421010000,20000,0.25,25,0,3568.69,7263.030000000001,10831.720000000001
ilal-v2-zk-policy-grant,100000,10,10000,100,3000,1,138493,615200000,10001,0.25,25,0,25.415479,1845.6000000000001,1871.0154790000001
benchmark-only-onchain-allowlist,100000,10,10000,100,3000,1,230540000,0,10000,0.25,25,0,716.6200000000001,0,716.6200000000001
ilal-v1-cnf-eas,100000,10,10000,100,4000,0.01,1181230000,2421010000,20000,0.25,25,0,72.2492,96.8404,169.08960000000002
ilal-v2-zk-policy-grant,100000,10,10000,100,4000,0.01,138493,615200000,10001,0.25,25,0,25.00553972,24.608,49.613539720000006
benchmark-only-onchain-allowlist,100000,10,10000,100,4000,0.01,230540000,0,10000,0.25,25,0,34.2216,0,34.2216
ilal-v1-cnf-eas,100000,10,10000,100,4000,0.1,1181230000,2421010000,20000,0.25,25,0,497.492,968.404,1465.896
ilal-v2-zk-policy-grant,100000,10,10000,100,4000,0.1,138493,615200000,10001,0.25,25,0,25.0553972,246.08,271.1353972
benchmark-only-onchain-allowlist,100000,10,10000,100,4000,0.1,230540000,0,10000,0.25,25,0,117.21600000000001,0,117.21600000000001
ilal-v1-cnf-eas,100000,10,10000,100,4000,1,1181230000,2421010000,20000,0.25,25,0,4749.92,9684.04,14433.960000000001
ilal-v2-zk-policy-grant,100000,10,10000,100,4000,1,138493,615200000,10001,0.25,25,0,25.553972,2460.8,2486.3539720000003
benchmark-only-onchain-allowlist,100000,10,10000,100,4000,1,230540000,0,10000,0.25,25,0,947.1600000000001,0,947.1600000000001
ilal-v1-cnf-eas,100000,10,10000,200,2000,0.01,1181230000,2421010000,20000,0.25,50,0,73.6246,48.4202,122.04480000000001
ilal-v2-zk-policy-grant,100000,10,10000,200,2000,0.01,138493,615200000,10001,0.25,50,0,50.00276986,12.304,62.30676986
benchmark-only-onchain-allowlist,100000,10,10000,200,2000,0.01,230540000,0,10000,0.25,50,0,54.6108,0,54.6108
ilal-v1-cnf-eas,100000,10,10000,200,2000,0.1,1181230000,2421010000,20000,0.25,50,0,286.246,484.202,770.448
ilal-v2-zk-policy-grant,100000,10,10000,200,2000,0.1,138493,615200000,10001,0.25,50,0,50.0276986,123.04,173.0676986
benchmark-only-onchain-allowlist,100000,10,10000,200,2000,0.1,230540000,0,10000,0.25,50,0,96.108,0,96.108
ilal-v1-cnf-eas,100000,10,10000,200,2000,1,1181230000,2421010000,20000,0.25,50,0,2412.46,4842.02,7254.4800000000005
ilal-v2-zk-policy-grant,100000,10,10000,200,2000,1,138493,615200000,10001,0.25,50,0,50.276986,1230.4,1280.6769860000002
benchmark-only-onchain-allowlist,100000,10,10000,200,2000,1,230540000,0,10000,0.25,50,0,511.08000000000004,0,511.08000000000004
ilal-v1-cnf-eas,100000,10,10000,200,3000,0.01,1181230000,2421010000,20000,0.25,50,0,85.43690000000001,72.6303,158.0672
ilal-v2-zk-policy-grant,100000,10,10000,200,3000,0.01,138493,615200000,10001,0.25,50,0,50.00415479,18.456,68.46015479
benchmark-only-onchain-allowlist,100000,10,10000,200,3000,0.01,230540000,0,10000,0.25,50,0,56.9162,0,56.9162
ilal-v1-cnf-eas,100000,10,10000,200,3000,0.1,1181230000,2421010000,20000,0.25,50,0,404.369,726.303,1130.672
ilal-v2-zk-policy-grant,100000,10,10000,200,3000,0.1,138493,615200000,10001,0.25,50,0,50.0415479,184.56,234.6015479
benchmark-only-onchain-allowlist,100000,10,10000,200,3000,0.1,230540000,0,10000,0.25,50,0,119.162,0,119.162
ilal-v1-cnf-eas,100000,10,10000,200,3000,1,1181230000,2421010000,20000,0.25,50,0,3593.69,7263.030000000001,10856.720000000001
ilal-v2-zk-policy-grant,100000,10,10000,200,3000,1,138493,615200000,10001,0.25,50,0,50.415479,1845.6000000000001,1896.0154790000001
benchmark-only-onchain-allowlist,100000,10,10000,200,3000,1,230540000,0,10000,0.25,50,0,741.6200000000001,0,741.6200000000001
ilal-v1-cnf-eas,100000,10,10000,200,4000,0.01,1181230000,2421010000,20000,0.25,50,0,97.2492,96.8404,194.08960000000002
ilal-v2-zk-policy-grant,100000,10,10000,200,4000,0.01,138493,615200000,10001,0.25,50,0,50.00553972,24.608,74.61353972
benchmark-only-onchain-allowlist,100000,10,10000,200,4000,0.01,230540000,0,10000,0.25,50,0,59.2216,0,59.2216
ilal-v1-cnf-eas,100000,10,10000,200,4000,0.1,1181230000,2421010000,20000,0.25,50,0,522.492,968.404,1490.896
ilal-v2-zk-policy-grant,100000,10,10000,200,4000,0.1,138493,615200000,10001,0.25,50,0,50.0553972,246.08,296.1353972
benchmark-only-onchain-allowlist,100000,10,10000,200,4000,0.1,230540000,0,10000,0.25,50,0,142.216,0,142.216
ilal-v1-cnf-eas,100000,10,10000,200,4000,1,1181230000,2421010000,20000,0.25,50,0,4774.92,9684.04,14458.960000000001
ilal-v2-zk-policy-grant,100000,10,10000,200,4000,1,138493,615200000,10001,0.25,50,0,50.553972,2460.8,2511.3539720000003
benchmark-only-onchain-allowlist,100000,10,10000,200,4000,1,230540000,0,10000,0.25,50,0,972.1600000000001,0,972.1600000000001
